{
  "project_info": {
    "project_number": "644541979904",
    "project_id": "test-c368c",
    "storage_bucket": "test-c368c.firebasestorage.app"
  },
  "client": [
    {
      "client_info": {
        "mobilesdk_app_id": "1:644541979904:android:250d5aaf1aaf7961d767e5",
        "android_client_info": {
          "package_name": "com.example.project"
        }
      },
      "oauth_client": [],
      "api_key": [
        {
          "current_key": "AIzaSyDwzaLEMPZKGvEZBuydDNlgWCKT62Gp0rw"
        }
      ],
      "services": {
        "appinvite_service": {
          "other_platform_oauth_client": []
        }
      }
    }
  ],
  "configuration_version": "1"
}